{"cameraMode":{"drawMode":0,"name":"Shaded","section":"Shading Mode"},"sceneLighting":true,"audioPlay":false,"sceneViewState":{"showFog":true,"showMaterialUpdate":false,"showSkybox":true,"showFlares":true,"showImageEffects":true,"showParticleSystems":true},"in2DMode":false,"pivot":{"x":-2.3019654750823976,"y":-0.11104202270507813,"z":-0.2565650939941406},"rotation":{"x":-0.13933783769607545,"y":0.015444617718458176,"z":-0.002173424232751131,"w":-0.990123450756073},"size":51.31409454345703,"orthographic":false}