{"cameraMode":{"drawMode":0,"name":"Shaded","section":"Shading Mode"},"sceneLighting":false,"audioPlay":false,"sceneViewState":{"showFog":true,"showMaterialUpdate":false,"showSkybox":false,"showFlares":true,"showImageEffects":true,"showParticleSystems":true},"in2DMode":false,"pivot":{"x":0.09841130673885346,"y":5.380000114440918,"z":0.13573633134365083},"rotation":{"x":0.12358056008815766,"y":-0.004465591162443161,"z":0.0005548381013795733,"w":0.9923282861709595},"size":2.8578836917877199,"orthographic":false}