{"cameraMode":{"drawMode":0,"name":"Shaded","section":"Shading Mode"},"sceneLighting":false,"audioPlay":false,"sceneViewState":{"showFog":true,"showMaterialUpdate":false,"showSkybox":false,"showFlares":true,"showImageEffects":true,"showParticleSystems":true},"in2DMode":false,"pivot":{"x":-0.47704851627349856,"y":5.330060958862305,"z":-0.1272439956665039},"rotation":{"x":0.09674718230962753,"y":0.0044780015014112,"z":-0.00044744196929968894,"w":0.9953137040138245},"size":144.99794006347657,"orthographic":false}