{"cameraMode":{"drawMode":0,"name":"Shaded","section":"Shading Mode"},"sceneLighting":true,"audioPlay":false,"sceneViewState":{"showFog":true,"showMaterialUpdate":false,"showSkybox":true,"showFlares":true,"showImageEffects":true,"showParticleSystems":true},"in2DMode":false,"pivot":{"x":-0.11107967793941498,"y":1.3154854774475098,"z":-0.0005666017532348633},"rotation":{"x":0.27988284826278689,"y":-0.06761246919631958,"z":0.01976446993649006,"w":0.9574469327926636},"size":8.425865173339844,"orthographic":false}