{"cameraMode":{"drawMode":0,"name":"Shaded","section":"Shading Mode"},"sceneLighting":true,"audioPlay":false,"sceneViewState":{"showFog":true,"showMaterialUpdate":false,"showSkybox":true,"showFlares":true,"showImageEffects":true,"showParticleSystems":true},"in2DMode":false,"pivot":{"x":-0.7253577709197998,"y":2.7436647415161135,"z":-1.2816028594970704},"rotation":{"x":0.19223976135253907,"y":-0.02354949712753296,"z":0.004614551085978746,"w":0.981055736541748},"size":1889.72900390625,"orthographic":false}