{"cameraMode":{"drawMode":0,"name":"Shaded","section":"Shading Mode"},"sceneLighting":false,"audioPlay":false,"sceneViewState":{"showFog":true,"showMaterialUpdate":false,"showSkybox":false,"showFlares":true,"showImageEffects":true,"showParticleSystems":true},"in2DMode":false,"pivot":{"x":0.18965625762939454,"y":0.03728151321411133,"z":0.4823174476623535},"rotation":{"x":0.3751857578754425,"y":0.03612476587295532,"z":-0.014666403643786908,"w":0.9261528253555298},"size":18.49753761291504,"orthographic":false}